<?xml version="1.0" encoding="UTF-8" standalone="yes"?>
<addon id="plugin.video.LiveTV" name="LiveTv" version="1.5" provider-name=".[COLOR blue]X[/COLOR]unity[COLOR blue]T[/COLOR]alk">
  <requires>
    <import addon="xbmc.python" version="2.0"/>
	<import addon="script.module.beautifulsoup" version="3.0.8"/>
    <import addon="script.module.simplejson" />
  </requires>
  <extension point="xbmc.python.pluginsource"
            library="default.py">
        <provides>video</provides>
  </extension>
  <extension point="xbmc.addon.metadata">
    <summary>LiveTV</summary>
    <description>LiveTV lets you add streams by adding items to an xml file.</description>
    <platform>all</platform>
  </extension>
</addon>
