<?xml version="1.0" encoding="UTF-8"?>
<addon
  id="plugin.video.SportsDevil"
  version="2.0.2"
  name="SportsDevil-AarronLeePremium"
  provider-name="AarronLee, MaxMustermann">
  <requires>
   <import addon="xbmc.python" version="2.1.0"/>
   <import addon="script.common.plugin.cache" version="0.9.1"/>
  </requires>
  <extension 
    point="xbmc.python.pluginsource"
    library="default.py">
   <provides>video</provides>
  </extension>
  <extension point="xbmc.addon.metadata">
    <summary>SportsDevil MOD 18/7/2014</summary>
    <description>SportsDevil MOD 18/7/2014</description>
    <platform>all</platform>
  </extension>
</addon>