<?xml version="1.0" encoding="UTF-8" standalone="yes"?>
<addon id="plugin.video.live.streams"
       name="LiveStreams-AarronLee"
       version="2.0.0"
       provider-name="divingmule">
  <requires>
    <import addon="xbmc.python" version="2.1.0"/>
    <import addon="script.module.beautifulsoup" version="3.2.1"/>
    <import addon="script.module.simple.downloader" version="0.9.1"/>
    <import addon="script.module.simplejson" />
  </requires>
  <extension point="xbmc.python.pluginsource" library="default.py">
    <provides>video</provides>
  </extension>
  <extension point="xbmc.addon.metadata">
    <summary>livestreams</summary>
    <description>
      Ver 9streams, freelive.tv, flashstreaming etc con está nueva versión de LiveStreams exlusivo para TVGuideAarronLee
    </description>
    <platform>all</platform>
  </extension>
</addon>
