<?xml version="1.0" encoding="UTF-8" standalone="yes"?>
<addon id="plugin.video.live.streams.aarronlee"
       name="LiveStreams-AarronLee"
       version="1.0.0"
       provider-name="aarronlee, divingmule">
  <requires>
    <import addon="xbmc.python" version="2.0"/>
    <import addon="script.module.beautifulsoup" version="3.0.8"/>
    <import addon="script.module.simple.downloader" version="0.9.1"/>
    <import addon="script.module.simplejson" />
  </requires>
  <extension point="xbmc.python.pluginsource" library="default.py">
    <provides>video</provides>
  </extension>
  <extension point="xbmc.addon.metadata">
    <summary>livestreams-tvguideaarronlee</summary>
    <description>
      MOD de LiveStreams para que funcione REGEX con el add-on TV Guide AarronLee
    </description>
    <platform>all</platform>
  </extension>
</addon>
