<?xml version="1.0" encoding="UTF-8" standalone="yes"?>
<addon id="plugin.video.ntv" name="NTV.mx" version="3.2.5" provider-name=".[COLOR blue]X[/COLOR]unity[COLOR blue]T[/COLOR]alk">
  <requires>
    <import addon="xbmc.python" version="2.1.0"/>
    <import addon="script.module.t0mm0.common" version="0.0.1"/>
  </requires>
  <extension point="xbmc.python.pluginsource" library="default.py">
        <provides>video</provides>
  </extension>
  <extension point="xbmc.addon.metadata">
    <summary lang="en">NTV.mx</summary>
    <description lang="en">Stream all of your favourites sports,movies and tv from NTV.mx</description>
    <platform>all</platform>
  </extension>
  <extension point="xbmc.service" library="service.py" start="login" />
</addon>
