<?xml version="1.0" encoding="UTF-8"?>
<addon
  id="plugin.video.SportsDevil"
  version="3.0.0"
  name="DigiTele Sports"
  provider-name="AarronLee, MaxMustermann">
  <requires>
   <import addon="xbmc.python" version="2.1.0"/>
   <import addon="script.common.plugin.cache" version="0.9.1"/>
  </requires>
  <extension 
    point="xbmc.python.pluginsource"
    library="default.py">
   <provides>video</provides>
  </extension>
  <extension point="xbmc.addon.metadata">
    <summary>DigiTele Sports</summary>
    <description>Add-on para ver los canales deportivos de DigiTele (vip racing 1-2-3-4-5-6-7-8)</description>
    <platform>all</platform>
  </extension>
</addon>